<?xml version="1.0" encoding="UTF-8" standalone="yes"?>
<addon id="madflix" name="madflix" version="1.0" provider-name="MAd">
    <extension point="xbmc.addon.repository" name="madflix">
        <dir>
            <info compressed="false">https://raw.githubusercontent.com/madsharcky/madflix/master/zips/addons.xml</info>
            <checksum>https://raw.githubusercontent.com/madsharcky/madflix/master/zips/addons.xml.md5</checksum>
            <datadir zip="true">https://raw.githubusercontent.com/madsharcky/madflix/master/zips/</datadir>
        </dir>
    </extension>
    <extension point="xbmc.addon.metadata">
        <summary>madflix</summary>
        <description>a Netflix clone with my private video library connecting via FTP</description>
        <disclaimer></disclaimer>
        <platform>all</platform>
        <assets>
            <icon>icon.png</icon>
            <fanart>fanart.jpg</fanart>
        </assets>
    </extension>
</addon>