<?xml version="1.0" encoding="UTF-8" standalone="yes"?>
<addon id="script.connect.FTP" name="Connect FTP" version="1.2" provider-name="Mad">
	<requires>
		<import addon="xbmc.python" version="2.14.0"/>
	</requires>
	<extension point="xbmc.python.script" library="addon.py">
		<provides>executable</provides>
	</extension>
	<extension point="xbmc.addon.metadata">
		<platform>all</platform>
		<summary lang="en">connect to mads FTP server</summary>
		<description lang="en">you need your login info. if you dont have it then please cry!</description>
		<license>GNU General Public License, v2</license>
		<language></language>
		<forum>http://forum.kodi.tv</forum>
		<source>https://github.com/madsharcky/madflix</source>
		<website>Kodi.tv</website>
		<email></email>
		<assets>
			<icon>icon.png</icon>
			<fanart>fanart.jpg</fanart>
			<screenshot>resources/screenshot-01.jpg</screenshot>
			<screenshot>resources/screenshot-02.jpg</screenshot>
			<screenshot>resources/screenshot-03.jpg</screenshot>
		</assets>
		<news>no news other then Mad is great</news>
	</extension>
</addon>
